# TIC 276754403, Night 2025-07-15
# Transit midtime (Tc) = 2460872.5998194860
# T1 = 2460872.5443472126
# T4 = 2460872.6552917594
BJD,FLUX
2460872.4751388887,1.0
2460872.4753847364,1.0
2460872.475630584,1.0
2460872.475876432,1.0
2460872.4761222797,1.0
2460872.4763681274,1.0
2460872.4766139747,1.0
2460872.4768598224,1.0
2460872.47710567,1.0
2460872.477351518,1.0
2460872.4775973656,1.0
2460872.4778432134,1.0
2460872.478089061,1.0
2460872.478334909,1.0
2460872.4785807566,1.0
2460872.4788266043,1.0
2460872.479072452,1.0
2460872.4793183,1.0
2460872.479564147,1.0
2460872.479809995,1.0
2460872.4800558425,1.0
2460872.4803016903,1.0
2460872.480547538,1.0
2460872.4807933858,1.0
2460872.4810392335,1.0
2460872.4812850812,1.0
2460872.481530929,1.0
2460872.4817767767,1.0
2460872.4820226245,1.0
2460872.482268472,1.0
2460872.4825143195,1.0
2460872.482760167,1.0
2460872.483006015,1.0
2460872.4832518627,1.0
2460872.4834977104,1.0
2460872.483743558,1.0
2460872.483989406,1.0
2460872.4842352537,1.0
2460872.4844811014,1.0
2460872.484726949,1.0
2460872.484972797,1.0
2460872.4852186446,1.0
2460872.485464492,1.0
2460872.4857103396,1.0
2460872.4859561874,1.0
2460872.486202035,1.0
2460872.486447883,1.0
2460872.4866937306,1.0
2460872.4869395783,1.0
2460872.487185426,1.0
2460872.487431274,1.0
2460872.4876771215,1.0
2460872.4879229693,1.0
2460872.4881688165,1.0
2460872.4884146643,1.0
2460872.488660512,1.0
2460872.4889063598,1.0
2460872.4891522075,1.0
2460872.4893980552,1.0
2460872.489643903,1.0
2460872.4898897507,1.0
2460872.4901355985,1.0
2460872.490381446,1.0
2460872.490627294,1.0
2460872.4908731417,1.0
2460872.491118989,1.0
2460872.4913648367,1.0
2460872.4916106844,1.0
2460872.491856532,1.0
2460872.49210238,1.0
2460872.4923482276,1.0
2460872.4925940754,1.0
2460872.492839923,1.0
2460872.493085771,1.0
2460872.4933316186,1.0
2460872.4935774663,1.0
2460872.493823314,1.0
2460872.4940691614,1.0
2460872.494315009,1.0
2460872.494560857,1.0
2460872.4948067046,1.0
2460872.4950525523,1.0
2460872.4952984,1.0
2460872.495544248,1.0
2460872.4957900955,1.0
2460872.4960359433,1.0
2460872.496281791,1.0
2460872.4965276388,1.0
2460872.4967734865,1.0
2460872.4970193338,1.0
2460872.4972651815,1.0
2460872.4975110292,1.0
2460872.497756877,1.0
2460872.4980027247,1.0
2460872.4982485725,1.0
2460872.49849442,1.0
2460872.498740268,1.0
2460872.4989861157,1.0
2460872.4992319634,1.0
2460872.499477811,1.0
2460872.4997236584,1.0
2460872.499969506,1.0
2460872.500215354,1.0
2460872.5004612016,1.0
2460872.5007070494,1.0
2460872.500952897,1.0
2460872.501198745,1.0
2460872.5014445926,1.0
2460872.5016904403,1.0
2460872.501936288,1.0
2460872.502182136,1.0
2460872.5024279836,1.0
2460872.502673831,1.0
2460872.5029196786,1.0
2460872.5031655263,1.0
2460872.503411374,1.0
2460872.503657222,1.0
2460872.5039030695,1.0
2460872.5041489173,1.0
2460872.504394765,1.0
2460872.5046406128,1.0
2460872.5048864605,1.0
2460872.505132308,1.0
2460872.505378156,1.0
2460872.5056240032,1.0
2460872.505869851,1.0
2460872.5061156987,1.0
2460872.5063615465,1.0
2460872.506607394,1.0
2460872.506853242,1.0
2460872.5070990897,1.0
2460872.5073449374,1.0
2460872.507590785,1.0
2460872.507836633,1.0
2460872.5080824806,1.0
2460872.5083283284,1.0
2460872.5085741756,1.0
2460872.5088200234,1.0
2460872.509065871,1.0
2460872.509311719,1.0
2460872.5095575666,1.0
2460872.5098034143,1.0
2460872.510049262,1.0
2460872.51029511,1.0
2460872.5105409576,1.0
2460872.5107868053,1.0
2460872.511032653,1.0
2460872.5112785003,1.0
2460872.511524348,1.0
2460872.511770196,1.0
2460872.5120160435,1.0
2460872.5122618913,1.0
2460872.512507739,1.0
2460872.5127535868,1.0
2460872.5129994345,1.0
2460872.513245282,1.0
2460872.51349113,1.0
2460872.5137369777,1.0
2460872.5139828254,1.0
2460872.5142286727,1.0
2460872.5144745205,1.0
2460872.514720368,1.0
2460872.514966216,1.0
2460872.5152120637,1.0
2460872.5154579114,1.0
2460872.515703759,1.0
2460872.515949607,1.0
2460872.5161954546,1.0
2460872.5164413024,1.0
2460872.51668715,1.0
2460872.516932998,1.0
2460872.517178845,1.0
2460872.517424693,1.0
2460872.5176705406,1.0
2460872.5179163883,1.0
2460872.518162236,1.0
2460872.518408084,1.0
2460872.5186539316,1.0
2460872.5188997793,1.0
2460872.519145627,1.0
2460872.519391475,1.0
2460872.5196373225,1.0
2460872.5198831703,1.0
2460872.5201290175,1.0
2460872.5203748653,1.0
2460872.520620713,1.0
2460872.5208665607,1.0
2460872.5211124085,1.0
2460872.521358256,1.0
2460872.521604104,1.0
2460872.5218499517,1.0
2460872.5220957994,1.0
2460872.522341647,1.0
2460872.522587495,1.0
2460872.522833342,1.0
2460872.52307919,1.0
2460872.5233250377,1.0
2460872.5235708854,1.0
2460872.523816733,1.0
2460872.524062581,1.0
2460872.5243084286,1.0
2460872.5245542764,1.0
2460872.524800124,1.0
2460872.525045972,1.0
2460872.5252918196,1.0
2460872.5255376673,1.0
2460872.5257835146,1.0
2460872.5260293623,1.0
2460872.52627521,1.0
2460872.526521058,1.0
2460872.5267669056,1.0
2460872.5270127533,1.0
2460872.527258601,1.0
2460872.527504449,1.0
2460872.5277502965,1.0
2460872.5279961443,1.0
2460872.528241992,1.0
2460872.5284878397,1.0
2460872.528733687,1.0
2460872.5289795347,1.0
2460872.5292253825,1.0
2460872.52947123,1.0
2460872.529717078,1.0
2460872.5299629257,1.0
2460872.5302087734,1.0
2460872.530454621,1.0
2460872.530700469,1.0
2460872.5309463167,1.0
2460872.5311921644,1.0
2460872.531438012,1.0
2460872.5316838594,1.0
2460872.531929707,1.0
2460872.532175555,1.0
2460872.5324214026,1.0
2460872.5326672504,1.0
2460872.532913098,1.0
2460872.533158946,1.0
2460872.5334047936,1.0
2460872.5336506413,1.0
2460872.533896489,1.0
2460872.534142337,1.0
2460872.534388184,1.0
2460872.534634032,1.0
2460872.5348798796,1.0
2460872.5351257273,1.0
2460872.535371575,1.0
2460872.535617423,1.0
2460872.5358632705,1.0
2460872.5361091183,1.0
2460872.536354966,1.0
2460872.5366008137,1.0
2460872.5368466615,1.0
2460872.537092509,1.0
2460872.5373383565,1.0
2460872.537584204,1.0
2460872.537830052,1.0
2460872.5380758997,1.0
2460872.5383217474,1.0
2460872.538567595,1.0
2460872.538813443,1.0
2460872.5390592907,1.0
2460872.5393051384,1.0
2460872.539550986,1.0
2460872.539796834,1.0
2460872.5400426816,1.0
2460872.540288529,1.0
2460872.5405343766,1.0
2460872.5407802244,1.0
2460872.541026072,1.0
2460872.54127192,1.0
2460872.5415177676,1.0
2460872.5417636153,1.0
2460872.542009463,1.0
2460872.542255311,1.0
2460872.5425011585,1.0
2460872.5427470063,1.0
2460872.542992854,1.0
2460872.5432387013,1.0
2460872.543484549,1.0
2460872.543730397,1.0
2460872.5439762445,1.0
2460872.5442220923,1.0
2460872.54446794,0.9999864475619151
2460872.5447137877,0.9999264230621713
2460872.5449596355,0.9998387074348609
2460872.545205483,0.9997295432777064
2460872.545451331,0.9996021891547981
2460872.5456971787,0.9994588066615212
2460872.545943026,0.9993010017830944
2460872.5461888737,0.9991300508978703
2460872.5464347214,0.9989470179269477
2460872.546680569,0.998752819114615
2460872.546926417,0.9985482642864929
2460872.5471722647,0.9983340839340259
2460872.5474181124,0.9981109480136755
2460872.54766396,0.9978794795270616
2460872.547909808,0.9976402646693487
2460872.5481556556,0.9973938606424684
2460872.5484015034,0.9971408018355432
2460872.548647351,0.9968816048393593
2460872.5488931984,0.9966167731223593
2460872.549139046,0.9963467985649813
2460872.549384894,0.9960721675709033
2460872.5496307416,0.9957933618442143
2460872.5498765893,0.9955108614319551
2460872.550122437,0.9952251471221354
2460872.550368285,0.9949367027618953
2460872.5506141325,0.9946460175573685
2460872.5508599803,0.9943535884142173
2460872.551105828,0.9940599223789052
2460872.5513516758,0.9937655392456809
2460872.5515975235,0.9934709744033502
2460872.551843371,0.9931767825668315
2460872.5520892185,0.9928835391618038
2460872.5523350663,0.9925918478616211
2460872.552580914,0.9923023433128648
2460872.5528267617,0.9920156976657067
2460872.5530726095,0.9917326279125479
2460872.553318457,0.9914539050924449
2460872.553564305,0.99118036609618
2460872.5538101527,0.9909129291885133
2460872.5540560004,0.9906526150093462
2460872.554301848,0.9904005759609146
2460872.554547696,0.990158139046794
2460872.554793543,0.9899268720387666
2460872.555039391,0.9897086896404221
2460872.5552852387,0.9895060503945967
2460872.5555310864,0.989322356543678
2460872.555776934,0.9891630062609852
2460872.556022782,0.9890404431584398
2460872.5562686296,0.9889720925355282
2460872.5565144774,0.9889103287301229
2460872.556760325,0.9888524172135957
2460872.557006173,0.9887976848390363
2460872.5572520206,0.9887456910050522
2460872.557497868,0.9886961149488821
2460872.5577437156,0.9886487084208223
2460872.5579895633,0.9886032720276126
2460872.558235411,0.9885596407567427
2460872.558481259,0.9885176751843459
2460872.5587271065,0.9884772555358133
2460872.5589729543,0.9884382775361265
2460872.559218802,0.9884006494057791
2460872.5594646498,0.9883642896218028
2460872.5597104975,0.9883291252079577
2460872.5599563452,0.9882950904018071
2460872.560202193,0.9882621255970491
2460872.5604480403,0.988230176550885
2460872.560693888,0.9881991934479702
2460872.5609397357,0.98816913068835
2460872.5611855835,0.9881399461635058
2460872.561431431,0.9881116009132697
2460872.561677279,0.9880840587820907
2460872.5619231267,0.9880572861247953
2460872.5621689744,0.988031251553013
2460872.562414822,0.9880059257153122
2460872.56266067,0.9879812811054987
2460872.5629065176,0.9879572918946145
2460872.5631523654,0.987933933783019
2460872.5633982127,0.9879111839121119
2460872.5636440604,0.9878890205769941
2460872.563889908,0.9878674233814587
2460872.564135756,0.9878463729719732
2460872.5643816036,0.9878258509983113
2460872.5646274514,0.987805840038833
2460872.564873299,0.9877863235330515
2460872.565119147,0.9877672857206163
2460872.5653649946,0.9877487115859551
2460872.5656108423,0.9877305868079325
2460872.56585669,0.9877128977139659
2460872.566102538,0.9876956312381123
2460872.566348385,0.9876787749142517
2460872.566594233,0.9876623167139701
2460872.5668400805,0.9876462452057629
2460872.5670859283,0.9876305493968172
2460872.567331776,0.9876152187378817
2460872.5675776238,0.987600243097928
2460872.5678234715,0.9875856127407066
2460872.5680693192,0.9875713183030306
2460872.568315167,0.987557350774629
2460872.5685610147,0.9875437014794292
2460872.5688068625,0.9875303620581429
2460872.5690527097,0.9875173244764636
2460872.5692985575,0.9875045809117335
2460872.569544405,0.9874921238869678
2460872.569790253,0.9874799461583175
2460872.5700361007,0.9874680407276939
2460872.5702819484,0.9874564008311932
2460872.570527796,0.9874450199282413
2460872.570773644,0.9874338916914047
2460872.5710194916,0.9874230099968153
2460872.5712653394,0.9874123689151655
2460872.571511187,0.9874019627032318
2460872.571757035,0.987391785795886
2460872.572002882,0.9873818328172086
2460872.57224873,0.9873720984983968
2460872.5724945776,0.9873625777841488
2460872.5727404254,0.987353265750497
2460872.572986273,0.987344157617867
2460872.573232121,0.9873352487453948
2460872.5734779686,0.987326534625544
2460872.5737238163,0.9873180108790018
2460872.573969664,0.987309673249838
2460872.574215512,0.9873015176009104
2460872.5744613595,0.987293539909501
2460872.5747072073,0.9872857362631665
2460872.5749530545,0.9872781028700951
2460872.5751989023,0.9872706359978431
2460872.57544475,0.9872633320565003
2460872.5756905978,0.9872561875371412
2460872.5759364455,0.9872491990231972
2460872.5761822932,0.9872423631873656
2460872.576428141,0.9872356767886574
2460872.5766739887,0.9872291366695815
2460872.5769198365,0.9872227397534543
2460872.577165684,0.9872164830418303
2460872.577411532,0.9872103636120462
2460872.5776573797,0.9872043786148703
2460872.577903227,0.9871985252832229
2460872.5781490747,0.9871928008859246
2460872.5783949224,0.9871872027921532
2460872.57864077,0.9871817284248802
2460872.578886618,0.9871763752701912
2460872.5791324656,0.9871711408754764
2460872.5793783134,0.9871660228476914
2460872.579624161,0.9871610188516924
2460872.579870009,0.9871561266086382
2460872.5801158566,0.9871513438944542
2460872.5803617043,0.9871466685383601
2460872.5806075516,0.9871420984300123
2460872.5808533994,0.9871376314837195
2460872.581099247,0.9871332656890673
2460872.581345095,0.9871289990748429
2460872.5815909426,0.9871248297165821
2460872.5818367903,0.9871207557354079
2460872.582082638,0.9871167752969127
2460872.582328486,0.9871128866100832
2460872.5825743335,0.9871090879262646
2460872.5828201813,0.9871053775381646
2460872.583066029,0.9871017537788933
2460872.5833118767,0.9870982150210391
2460872.583557724,0.9870947596822449
2460872.5838035718,0.9870913861983296
2460872.5840494195,0.9870880930617264
2460872.5842952672,0.9870848787943503
2460872.584541115,0.9870817419534552
2460872.5847869627,0.9870786811308928
2460872.5850328105,0.9870756949523981
2460872.585278658,0.987072782076901
2460872.585524506,0.9870699411958619
2460872.5857703537,0.9870671710326321
2460872.5860162014,0.987064470341834
2460872.586262049,0.9870618379087667
2460872.5865078964,0.9870592725536262
2460872.586753744,0.9870567731116417
2460872.586999592,0.9870543384616914
2460872.5872454396,0.9870519675062254
2460872.5874912874,0.987049659175689
2460872.587737135,0.9870474124280421
2460872.587982983,0.9870452262482953
2460872.5882288306,0.9870430996480619
2460872.5884746783,0.9870410316651266
2460872.588720526,0.987039021363028
2460872.588966374,0.9870370678306581
2460872.5892122216,0.9870351701818733
2460872.589458069,0.9870333275585605
2460872.5897039166,0.9870315391164202
2460872.5899497643,0.9870298040455576
2460872.590195612,0.9870281215560854
2460872.59044146,0.9870264908813438
2460872.5906873075,0.9870249112775878
2460872.5909331553,0.9870233820236916
2460872.591179003,0.9870219024208573
2460872.5914248507,0.98702047179234
2460872.5916706985,0.9870190894831811
2460872.591916546,0.9870177548599518
2460872.5921623935,0.9870164673129017
2460872.5924082412,0.9870152262460568
2460872.592654089,0.9870140310916238
2460872.5928999367,0.987012881299929
2460872.5931457845,0.987011776341694
2460872.593391632,0.9870107157078348
2460872.59363748,0.9870096989092721
2460872.5938833277,0.9870087254767479
2460872.5941291754,0.9870077949606506
2460872.594375023,0.9870069069308504
2460872.594620871,0.9870060609765392
2460872.5948667186,0.987005256706081
2460872.595112566,0.9870044937482744
2460872.5953584136,0.9870037717465152
2460872.5956042614,0.9870030903673382
2460872.595850109,0.9870024492944371
2460872.596095957,0.987001848230036
2460872.5963418046,0.9870012868947804
2460872.5965876523,0.9870007650276397
2460872.5968335,0.9870002823858107
2460872.597079348,0.9869998387446333
2460872.5973251956,0.9869994338975093
2460872.5975710433,0.9869990676558291
2460872.597816891,0.9869987398489045
2460872.5980627383,0.9869984503244198
2460872.598308586,0.986998198946258
2460872.598554434,0.9869979855977411
2460872.5988002815,0.9869978101793242
2460872.5990461293,0.9869976726091436
2460872.599291977,0.9869975728229889
2460872.5995378247,0.98699751077428
2460872.5997836725,0.9869974864340495
2460872.60002952,0.9869974997909343
2460872.600275368,0.98699755085117
2460872.6005212157,0.986997639638594
2460872.6007670634,0.9869977661946538
2460872.6010129107,0.9869979305780742
2460872.6012587585,0.9869981328661952
2460872.601504606,0.9869983731531313
2460872.601750454,0.9869986515509792
2460872.6019963017,0.9869989681895811
2460872.6022421494,0.9869993232165714
2460872.602487997,0.9869997167974285
2460872.602733845,0.9870001491155342
2460872.6029796926,0.9870006203722385
2460872.6032255404,0.9870011307869315
2460872.603471388,0.987001680597121
2460872.603717236,0.9870022700585187
2460872.603963083,0.9870028994438996
2460872.604208931,0.987003569048046
2460872.6044547786,0.9870042791806996
2460872.6047006263,0.9870050301713655
2460872.604946474,0.9870058223682788
2460872.605192322,0.9870066561385287
2460872.6054381696,0.9870075318681928
2460872.6056840173,0.987008449962478
2460872.605929865,0.9870094108458696
2460872.606175713,0.9870104149622855
2460872.6064215605,0.9870114627752428
2460872.606667408,0.9870125547659164
2460872.6069132555,0.9870136914416789
2460872.6071591033,0.9870148733238784
2460872.607404951,0.9870161009562252
2460872.6076507987,0.9870173749029711
2460872.6078966465,0.9870186957491247
2460872.608142494,0.9870200641006744
2460872.608388342,0.9870214805848233
2460872.6086341897,0.9870229458502313
2460872.6088800374,0.9870244605672691
2460872.609125885,0.9870260254282809
2460872.609371733,0.9870276411478586
2460872.60961758,0.9870293084599189
2460872.609863428,0.9870310281307292
2460872.6101092757,0.9870328009402676
2460872.6103551234,0.9870346276950758
2460872.610600971,0.9870365092254805
2460872.610846819,0.9870384463859373
2460872.6110926666,0.9870404400553867
2460872.6113385144,0.9870424911376242
2460872.611584362,0.9870446005616837
2460872.61183021,0.9870467692822349
2460872.6120760576,0.9870489982799955
2460872.6123219053,0.9870512885621588
2460872.6125677526,0.9870536411583211
2460872.6128136003,0.9870560571388819
2460872.613059448,0.9870585375887877
2460872.613305296,0.9870610836257281
2460872.6135511436,0.9870636963962509
2460872.6137969913,0.9870663770762921
2460872.614042839,0.9870691268717244
2460872.614288687,0.9870719470189269
2460872.6145345345,0.9870748387853752
2460872.6147803823,0.9870778034702522
2460872.61502623,0.9870808424050828
2460872.6152720777,0.9870839569543907
2460872.615517925,0.9870871485102612
2460872.6157637727,0.9870904185173732
2460872.6160096205,0.9870937684374653
2460872.616255468,0.9870971997741278
2460872.616501316,0.987100714067619
2460872.6167471637,0.9871043128956828
2460872.6169930114,0.987107997874398
2460872.617238859,0.9871117706590588
2460872.617484707,0.9871156329450888
2460872.6177305547,0.9871195864689907
2460872.6179764024,0.9871236330093317
2460872.6182222497,0.9871277743798322
2460872.6184680974,0.9871320124619853
2460872.618713945,0.9871363491591013
2460872.618959793,0.9871407864286504
2460872.6192056406,0.9871453262757027
2460872.6194514884,0.9871499707541698
2460872.619697336,0.9871547219680962
2460872.619943184,0.9871595820730039
2460872.6201890316,0.987164553277291
2460872.6204348793,0.987169637843687
2460872.620680727,0.9871748380907702
2460872.620926575,0.9871801563945463
2460872.621172422,0.987185595179678
2460872.62141827,0.987191156962634
2460872.6216641176,0.9871968442916769
2460872.6219099653,0.9872026597897003
2460872.622155813,0.9872086061459916
2460872.622401661,0.9872146861182646
2460872.6226475085,0.9872209025347823
2460872.6228933563,0.987227258296576
2460872.623139204,0.9872337563797641
2460872.6233850517,0.9872403998379753
2460872.6236308995,0.9872471918048854
2460872.623876747,0.9872541354968716
2460872.6241225945,0.9872612342021961
2460872.624368442,0.9872684913379938
2460872.62461429,0.9872759103726552
2460872.6248601377,0.9872834948825117
2460872.6251059854,0.9872912485418899
2460872.625351833,0.9872991751266362
2460872.625597681,0.9873072785178157
2460872.6258435287,0.9873155627055995
2460872.6260893764,0.9873240317933517
2460872.626335224,0.9873326900019301
2460872.626581072,0.9873415416742117
2460872.6268269196,0.9873505912798608
2460872.627072767,0.9873598434026342
2460872.6273186146,0.9873693028161621
2460872.6275644624,0.9873789743844067
2460872.62781031,0.9873888631372749
2460872.628056158,0.9873989742595309
2460872.6283020056,0.987409313097399
2460872.6285478533,0.9874198851655555
2460872.628793701,0.9874306961545328
2460872.629039549,0.987441751938571
2460872.6292853965,0.9874530585839475
2460872.6295312443,0.9874646223578258
2460872.6297770916,0.9874764497150019
2460872.6300229393,0.9874885473980172
2460872.630268787,0.9875009223134184
2460872.630514635,0.9875135816322124
2460872.6307604825,0.9875265327798374
2460872.6310063303,0.9875397834491099
2460872.631252178,0.9875533416140732
2460872.6314980257,0.9875672155448219
2460872.6317438735,0.9875814138233916
2460872.631989721,0.9875959453608137
2460872.632235569,0.9876108194154403
2460872.6324814167,0.9876260456126604
2460872.632727264,0.9876416339362696
2460872.6329731117,0.987657594870177
2460872.6332189594,0.9876739392460502
2460872.633464807,0.9876906783875139
2460872.633710655,0.987707824110032
2460872.6339565027,0.9877253887524576
2460872.6342023504,0.9877433852113553
2460872.634448198,0.9877618269784038
2460872.634694046,0.9877807281812319
2460872.6349398936,0.9878001036281011
2460872.6351857414,0.9878199688568927
2460872.635431589,0.9878403401889411
2460872.6356774364,0.9878612347482477
2460872.635923284,0.9878826706862504
2460872.636169132,0.9879046670169119
2460872.6364149796,0.9879272438544902
2460872.6366608273,0.9879504224641031
2460872.636906675,0.9879742253618702
2460872.637152523,0.9879986764271703
2460872.6373983705,0.9880238010289407
2460872.6376442183,0.9880496261683287
2460872.637890066,0.9880761806405015
2460872.6381359138,0.9881034952190213
2460872.6383817615,0.9881316028669875
2460872.638627609,0.9881605389245242
2460872.6388734565,0.9881903416111404
2460872.6391193043,0.988221052025258
2460872.639365152,0.9882527147472774
2460872.6396109997,0.9882853782418737
2460872.6398568475,0.988319095403011
2460872.640102695,0.9883539242114701
2460872.640348543,0.9883899285371698
2460872.6405943907,0.9884271791308548
2460872.6408402384,0.9884657548680201
2460872.641086086,0.9885057443359178
2460872.6413319334,0.9885472478184385
2460872.641577781,0.9885903803632653
2460872.641823629,0.9886352750748242
2460872.6420694767,0.9886820887537638
2460872.6423153244,0.9887310096814732
2460872.642561172,0.988782269857235
2460872.64280702,0.9888361654758919
2460872.6430528676,0.9888930950213463
2460872.6432987154,0.9889536438395997
2460872.643544563,0.9890188675344699
2460872.643790411,0.9891224883831885
2460872.6440362586,0.9892730896690192
2460872.644282106,0.9894503886364758
2460872.6445279536,0.9896479181756822
2460872.6447738013,0.9898618573494278
2460872.645019649,0.9900895295615905
2460872.645265497,0.9903288869977868
2460872.6455113445,0.9905782746466925
2460872.6457571923,0.9908363036480687
2460872.64600304,0.9911017759359155
2460872.6462488878,0.991373635990975
2460872.6464947355,0.9916509381937894
2460872.6467405832,0.9919328237505135
2460872.646986431,0.9922185037947295
2460872.6472322783,0.9925072460875276
2460872.647478126,0.992798367338308
2460872.6477239737,0.9930912220991864
2460872.6479698215,0.9933851986193833
2460872.648215669,0.9936797130781034
2460872.648461517,0.9939742051915215
2460872.6487073647,0.9942681344472802
2460872.6489532124,0.994560976814331
2460872.64919906,0.9948522218104475
2460872.649444908,0.995141369833559
2460872.6496907556,0.9954279296792201
2460872.6499366034,0.9957114161770757
2460872.6501824507,0.9959913473586609
2460872.6504282984,0.9962672442650363
2460872.650674146,0.996538625396022
2460872.650919994,0.9968050063435356
2460872.6511658416,0.9970658965593674
2460872.6514116894,0.9973207963615714
2460872.651657537,0.9975691935294067
2460872.651903385,0.9978105593342335
2460872.6521492326,0.9980443437994504
2460872.6523950803,0.9982699699001886
2460872.652640928,0.9984868262856057
2460872.6528867753,0.998694257518951
2460872.653132623,0.9988915531973743
2460872.653378471,0.9990779285578184
2460872.6536243185,0.9992525018280868
2460872.6538701663,0.999414257714114
2460872.654116014,0.9995619904148746
2460872.6543618618,0.9996942066104372
2460872.6546077095,0.9998089418114534
2460872.6548535572,0.999903351157382
2460872.655099405,0.9999724805141281
2460872.6553452527,1.0
2460872.6555911005,1.0
2460872.6558369477,1.0
2460872.6560827955,1.0
2460872.656328643,1.0
2460872.656574491,1.0
2460872.6568203387,1.0
2460872.6570661864,1.0
2460872.657312034,1.0
2460872.657557882,1.0
2460872.6578037296,1.0
2460872.6580495774,1.0
2460872.658295425,1.0
2460872.658541273,1.0
2460872.65878712,1.0
2460872.659032968,1.0
2460872.6592788156,1.0
2460872.6595246634,1.0
2460872.659770511,1.0
2460872.660016359,1.0
2460872.6602622066,1.0
2460872.6605080543,1.0
2460872.660753902,1.0
2460872.66099975,1.0
2460872.6612455975,1.0
2460872.6614914453,1.0
2460872.6617372925,1.0
2460872.6619831403,1.0
2460872.662228988,1.0
2460872.6624748358,1.0
2460872.6627206835,1.0
2460872.6629665312,1.0
2460872.663212379,1.0
2460872.6634582267,1.0
2460872.6637040745,1.0
2460872.663949922,1.0
2460872.66419577,1.0
2460872.664441617,1.0
2460872.664687465,1.0
2460872.6649333127,1.0
2460872.6651791604,1.0
2460872.665425008,1.0
2460872.665670856,1.0
2460872.6659167036,1.0
2460872.6661625514,1.0
2460872.666408399,1.0
2460872.666654247,1.0
2460872.6669000946,1.0
2460872.6671459423,1.0
2460872.6673917896,1.0
2460872.6676376374,1.0
2460872.667883485,1.0
2460872.668129333,1.0
2460872.6683751806,1.0
2460872.6686210283,1.0
2460872.668866876,1.0
2460872.669112724,1.0
2460872.6693585715,1.0
2460872.6696044193,1.0
2460872.669850267,1.0
2460872.6700961147,1.0
2460872.670341962,1.0
2460872.6705878098,1.0
2460872.6708336575,1.0
2460872.6710795052,1.0
2460872.671325353,1.0
2460872.6715712007,1.0
2460872.6718170485,1.0
2460872.672062896,1.0
2460872.672308744,1.0
2460872.6725545917,1.0
2460872.6728004394,1.0
2460872.673046287,1.0
2460872.6732921344,1.0
2460872.673537982,1.0
2460872.67378383,1.0
2460872.6740296776,1.0
2460872.6742755254,1.0
2460872.674521373,1.0
2460872.674767221,1.0
2460872.6750130686,1.0
2460872.6752589163,1.0
2460872.675504764,1.0
2460872.675750612,1.0
2460872.675996459,1.0
2460872.676242307,1.0
2460872.6764881546,1.0
2460872.6767340023,1.0
2460872.67697985,1.0
2460872.677225698,1.0
2460872.6774715455,1.0
2460872.6777173933,1.0
2460872.677963241,1.0
2460872.6782090887,1.0
2460872.6784549365,1.0
2460872.678700784,1.0
2460872.6789466315,1.0
2460872.6791924792,1.0
2460872.679438327,1.0
2460872.6796841747,1.0
2460872.6799300225,1.0
2460872.68017587,1.0
2460872.680421718,1.0
2460872.6806675657,1.0
2460872.6809134134,1.0
2460872.681159261,1.0
2460872.681405109,1.0
2460872.6816509566,1.0
2460872.681896804,1.0
2460872.6821426516,1.0
2460872.6823884994,1.0
2460872.682634347,1.0
2460872.682880195,1.0
2460872.6831260426,1.0
2460872.6833718903,1.0
2460872.683617738,1.0
2460872.683863586,1.0
2460872.6841094336,1.0
2460872.6843552813,1.0
2460872.684601129,1.0
2460872.6848469763,1.0
2460872.685092824,1.0
2460872.685338672,1.0
2460872.6855845195,1.0
2460872.6858303673,1.0
2460872.686076215,1.0
2460872.6863220627,1.0
2460872.6865679105,1.0
2460872.686813758,1.0
2460872.687059606,1.0
2460872.6873054537,1.0
2460872.687551301,1.0
2460872.6877971487,1.0
2460872.6880429965,1.0
2460872.688288844,1.0
2460872.688534692,1.0
2460872.6887805397,1.0
2460872.6890263874,1.0
2460872.689272235,1.0
2460872.689518083,1.0
2460872.6897639306,1.0
2460872.6900097784,1.0
2460872.690255626,1.0
2460872.6905014734,1.0
2460872.690747321,1.0
2460872.690993169,1.0
2460872.6912390166,1.0
2460872.6914848643,1.0
2460872.691730712,1.0
2460872.69197656,1.0
2460872.6922224076,1.0
2460872.6924682553,1.0
2460872.692714103,1.0
2460872.692959951,1.0
2460872.6932057985,1.0
2460872.693451646,1.0
2460872.6936974935,1.0
2460872.6939433413,1.0
2460872.694189189,1.0
2460872.6944350367,1.0
2460872.6946808845,1.0
2460872.694926732,1.0
2460872.69517258,1.0
2460872.6954184277,1.0
2460872.6956642754,1.0
2460872.695910123,1.0
2460872.696155971,1.0
2460872.696401818,1.0
2460872.696647666,1.0
2460872.6968935137,1.0
2460872.6971393614,1.0
2460872.697385209,1.0
2460872.697631057,1.0
2460872.6978769046,1.0
2460872.6981227524,1.0
2460872.6983686,1.0
2460872.698614448,1.0
2460872.6988602956,1.0
2460872.699106143,1.0
2460872.6993519906,1.0
2460872.6995978383,1.0
2460872.699843686,1.0
2460872.700089534,1.0
2460872.7003353816,1.0
2460872.7005812293,1.0
2460872.700827077,1.0
2460872.701072925,1.0
2460872.7013187725,1.0
2460872.7015646202,1.0
2460872.701810468,1.0
2460872.7020563153,1.0
2460872.702302163,1.0
2460872.7025480107,1.0
2460872.7027938585,1.0
2460872.703039706,1.0
2460872.703285554,1.0
2460872.7035314017,1.0
2460872.7037772494,1.0
2460872.704023097,1.0
2460872.704268945,1.0
2460872.7045147927,1.0
2460872.7047606404,1.0
2460872.7050064877,1.0
2460872.7052523354,1.0
2460872.705498183,1.0
2460872.705744031,1.0
2460872.7059898786,1.0
2460872.7062357264,1.0
2460872.706481574,1.0
2460872.706727422,1.0
2460872.7069732696,1.0
2460872.7072191173,1.0
2460872.707464965,1.0
2460872.707710813,1.0
2460872.70795666,1.0
2460872.708202508,1.0
2460872.7084483556,1.0
2460872.7086942033,1.0
2460872.708940051,1.0
2460872.709185899,1.0
2460872.7094317465,1.0
2460872.7096775942,1.0
2460872.709923442,1.0
2460872.7101692897,1.0
2460872.7104151375,1.0
2460872.7106609847,1.0
2460872.7109068325,1.0
2460872.71115268,1.0
2460872.711398528,1.0
2460872.7116443757,1.0
2460872.7118902234,1.0
2460872.712136071,1.0
2460872.712381919,1.0
2460872.7126277667,1.0
2460872.7128736144,1.0
2460872.713119462,1.0
2460872.71336531,1.0
2460872.713611157,1.0
2460872.713857005,1.0
2460872.7141028526,1.0
2460872.7143487004,1.0
2460872.714594548,1.0
2460872.714840396,1.0
2460872.7150862436,1.0
2460872.7153320913,1.0
2460872.715577939,1.0
2460872.715823787,1.0
2460872.7160696345,1.0
2460872.7163154823,1.0
2460872.7165613296,1.0
2460872.7168071773,1.0
2460872.717053025,1.0
2460872.717298873,1.0
2460872.7175447205,1.0
2460872.7177905682,1.0
2460872.718036416,1.0
2460872.7182822637,1.0
2460872.7185281115,1.0
2460872.718773959,1.0
2460872.719019807,1.0
2460872.7192656547,1.0
2460872.719511502,1.0
2460872.7197573497,1.0
2460872.7200031974,1.0
2460872.720249045,1.0
2460872.720494893,1.0
2460872.7207407407,1.0
